Status,Term ID,Name,Slug,Term URI,Parent Term ID,Parent Name,Category: Level 1,Category: Level 2,Category: Level 3,Category: Level 4,Category: Level 5,Category: Level 6,Category: Level 7,Description,Heirachy,Display Type,Image,Image (Embed),Order,Count,WordPress SEO - SEO Title,WordPress SEO - SEO Description,WordPress SEO - Focus Keyword,WordPress SEO - Canonical,WordPress SEO - Noindex,WordPress SEO - Sitemap include,WordPress SEO - Facebook Title,WordPress SEO - Facebook Description,WordPress SEO - Facebook Image,WordPress SEO - Twitter Title,WordPress SEO - Twitter Description,WordPress SEO - Twitter Image
Successful,189,LDPE engangshandsker,ldpe-engangshandsker,https://haandsprit.dk/produkt-kategori/engangshandsker/ldpe-engangshandsker/,14,Engangshandsker,Engangshandsker,LDPE engangshandsker,,,,,,,Engangshandsker>LDPE engangshandsker,,https://haandsprit.dk/wp-content/uploads/2019/10/fit-on-klar-polyhandske.jpg,,0,1,,,,,,,,,,,,
,188,Latexhandsker,latexhandsker,https://haandsprit.dk/produkt-kategori/engangshandsker/latexhandsker/,14,Engangshandsker,Engangshandsker,Latexhandsker,,,,,,"Latexhandsker anvendes til utallige formål, men først og fremmest indenfor sundhedsområdet. Handskerne sidder tæt på hånden og følger enhver bevægelse med maximal gennemfølingsevne.

Leder du efter Nitrilhandsker? Ved at <a href=""https://haandsprit.dk/produkt-kategori/gummihandsker/nitrilhandsker/"">klikke her</a> kan du se vore komplette udvalg af Nitrilhandsker.

Handskeholdere og -stativer kan du se ved at <a href=""https://haandsprit.dk/produkt-kategori/gummihandsker/handskestativer/"">klikke her.</a>

Husk at du altid kan få hjælp i forbindelse med produkter, køb samt store og små spørgsmål. <a href=""https://haandsprit.dk/produkt/hjaelp-i-telefonen/"">Få hjælp her.</a>",Engangshandsker>Latexhandsker,,https://haandsprit.dk/wp-content/uploads/2019/10/290122-290125.jpg,,0,3,,"Håndsprit.dk er Latexhandsker, Nitrilhandsker samt alle produkter til håndhygiejne samt overfladedesinfektion. Levering fra dag-til-dag.",,,,,,,,,,
,187,Alt i kategorien engangshandsker,alt-i-kategorien-engangshandsker,https://haandsprit.dk/produkt-kategori/engangshandsker/alt-i-kategorien-engangshandsker/,14,Engangshandsker,Engangshandsker,Alt i kategorien engangshandsker,,,,,,"<ul>
 	<li>Nitrilhandsker.</li>
 	<li>Latexhandsker.</li>
 	<li>Handskeholdere og -stativer.</li>
</ul>
Håndsprit.dk fører alt i engangshandsker i Nitril, Latex samt i LDPE.

I denne kategori har vi gjort det så let som muligt for dig at få et samlet overblik over alle produkter i kategorien engangshandsker.

Skal du bruge Nitrilhandsker kan du finde oversigt over Nitrilhandsker <a href=""https://haandsprit.dk/produkt-kategori/gummihandsker/nitrilhandsker/"">ved at klikke her.</a>

Skal du bruge Latexhandsker, kan du finde oversigt over Latexhandsker <a href=""https://haandsprit.dk/produkt-kategori/gummihandsker/latexhandsker/"">ved at klikke her</a>

<strong>God fornøjelse og husk at du kan altid kan få hjælp og vedledning i forbindelse med produktvalg, handel samt store og små spørgsmål.</strong> <a href=""https://haandsprit.dk/produkt/hjaelp-i-telefonen/"">Klik her for at få hjælp</a>

 ",Engangshandsker>Alt i kategorien engangshandsker,,https://haandsprit.dk/wp-content/uploads/2019/10/2014081547.jpg,,0,14,,Håndsprit.dk fører alt i nitril samt latex engangshandsker samt handskeholdere og -stativer til nettets skarpeste priser.,,,,,,,,,,
,186,Handskestativer,handskestativer,https://haandsprit.dk/produkt-kategori/engangshandsker/handskestativer/,14,Engangshandsker,Engangshandsker,Handskestativer,,,,,,,Engangshandsker>Handskestativer,,https://haandsprit.dk/wp-content/uploads/2018/04/41091-med-handsker.jpg,,0,3,,,,,,,,,,,,
,15,Dispensere,dispensere,https://haandsprit.dk/produkt-kategori/dispensere/,,,Dispensere,,,,,,,"Hos <a title=""Håndhygiejne til ethvert formål"" href=""/"">Håndsprit.dk</a> kan du finde et kæmpe udvalg af dispensere til refills.

Dispensersystemer velegnet til steder med høje hygiejnekrav sammen med luft- og bakterietætte poser med <a title=""Reducer risikoen for sygdom med håndsprit"" href=""/produkt-kategori/haandsprit/"">håndsprit</a> og <a title=""Vi har håndsæbe til ethvert formål"" href=""/produkt-kategori/haandsaebe/"">håndsæbe</a> til at fylde op med, er løsningen på helt rene omgivelser –og helt rene hænder.

Vi har også et spændende udvalg af plasterdispensere, heriblandt de smarte <a title=""Smart plasterdispenser fra Plum"" href=""/produkt-kategori/dispensere/plasterdispensere/"">QuickFix plasterdispensere</a> fra Plum.

Uanset om du har behov for en dispenser der kan tåle kraftig rengøring mens den sidder på væggen eller en dispenser, som kan afmonteres på et øjeblik for derefter at komme direkte i opvaskemaskinen, så har vi en driftsikker løsning.
<h2>Brugervenlige dispensere</h2>
For os er det vigtigt håndhygiejne er nemt tilgængeligt ved enhver offentlig arbejdsplads. Derfor lægger vi vægt på brugervenlighed til fornuftige priser, uden at gå på kompromis med kvaliteten. Vi har gjort det nemt for dig at finde de bedste dispensere og håndhygiejne produkter i praktisk hygiejnisk engangsemballage, som tåler at blive brugt mange gange dagligt. Med enkle designs passer vores dispensere ind i ethvert miljø. Vores brede sortiment af dispensere og håndhygiejne, gør vi det let for dig, at vælge det rette produkt til din klinik, institution eller virksomhed.

Er du i tvivl om hvilken dispenser der passer til den enkelte refill, eller omvendt, så sidder vi klar ved telefonen for at hjælpe dig. Ring på <a href=""tel:21959922"">21 95 99 22</a>.",Dispensere,,https://haandsprit.dk/wp-content/uploads/2019/09/dispenser-purell-sort-krom.jpg,,0,60,Dispensere til høj håndhygiejne | Kæmpe sortiment | Bestil online i dag,Se vores kæmpe udvalg af dispensere med fokus på høj håndhygiejne. Alle er brugervenlige og kan tåle kraftig rengøring samt minimal vedligeholdelse. Køb online her og få levering inden for 2 arbejdsdage.,Dispensere,,,,,,,,,
